[{"fields": {"model": "logentry", "app_label": "admin"}, "model": "contenttypes.contenttype", "pk": 1}, {"fields": {"model": "permission", "app_label": "auth"}, "model": "contenttypes.contenttype", "pk": 2}, {"fields": {"model": "group", "app_label": "auth"}, "model": "contenttypes.contenttype", "pk": 3}, {"fields": {"model": "user", "app_label": "auth"}, "model": "contenttypes.contenttype", "pk": 4}, {"fields": {"model": "contenttype", "app_label": "contenttypes"}, "model": "contenttypes.contenttype", "pk": 5}, {"fields": {"model": "session", "app_label": "sessions"}, "model": "contenttypes.contenttype", "pk": 6}, {"fields": {"model": "state", "app_label": "app"}, "model": "contenttypes.contenttype", "pk": 7}, {"fields": {"model": "city", "app_label": "app"}, "model": "contenttypes.contenttype", "pk": 8}, {"fields": {"model": "pincode", "app_label": "app"}, "model": "contenttypes.contenttype", "pk": 9}, {"fields": {"model": "profile", "app_label": "app"}, "model": "contenttypes.contenttype", "pk": 10}, {"fields": {"name": "Andaman Nicobar"}, "model": "app.state", "pk": 1}, {"fields": {"name": "Andhra Pradesh"}, "model": "app.state", "pk": 2}, {"fields": {"name": "Karnataka"}, "model": "app.state", "pk": 3}, {"fields": {"name": "Maharashtra"}, "model": "app.state", "pk": 4}, {"fields": {"state": 1, "name": "Car Nicobar"}, "model": "app.city", "pk": 1}, {"fields": {"state": 1, "name": "Diglipur"}, "model": "app.city", "pk": 2}, {"fields": {"state": 1, "name": "Nancowrie"}, "model": "app.city", "pk": 3}, {"fields": {"state": 3, "name": "Anekal"}, "model": "app.city", "pk": 4}, {"fields": {"state": 3, "name": "Bangalore"}, "model": "app.city", "pk": 5}, {"fields": {"state": 4, "name": "Akola"}, "model": "app.city", "pk": 6}, {"fields": {"state": 4, "name": "Amravati"}, "model": "app.city", "pk": 7}, {"fields": {"state": 2, "name": "Adilabad"}, "model": "app.city", "pk": 8}, {"fields": {"state": 2, "name": "Asifabad"}, "model": "app.city", "pk": 9}, {"fields": {"state": 2, "name": "Sitagondi"}, "model": "app.city", "pk": 10}, {"fields": {"city": 1, "name": "744301"}, "model": "app.pincode", "pk": 1}, {"fields": {"city": 1, "name": "744302"}, "model": "app.pincode", "pk": 2}, {"fields": {"city": 1, "name": "744303"}, "model": "app.pincode", "pk": 3}, {"fields": {"city": 1, "name": "744304"}, "model": "app.pincode", "pk": 4}, {"fields": {"city": 2, "name": "744108"}, "model": "app.pincode", "pk": 5}, {"fields": {"city": 2, "name": "744109"}, "model": "app.pincode", "pk": 6}, {"fields": {"city": 2, "name": "744110"}, "model": "app.pincode", "pk": 7}, {"fields": {"city": 2, "name": "744267"}, "model": "app.pincode", "pk": 8}, {"fields": {"city": 3, "name": "744202"}, "model": "app.pincode", "pk": 9}, {"fields": {"city": 3, "name": "744203"}, "model": "app.pincode", "pk": 10}, {"fields": {"city": 3, "name": "744205"}, "model": "app.pincode", "pk": 11}, {"fields": {"city": 3, "name": "744208"}, "model": "app.pincode", "pk": 12}, {"fields": {"city": 8, "name": "504309"}, "model": "app.pincode", "pk": 13}, {"fields": {"city": 8, "name": "504310"}, "model": "app.pincode", "pk": 14}, {"fields": {"city": 8, "name": "504312"}, "model": "app.pincode", "pk": 15}, {"fields": {"city": 8, "name": "504313"}, "model": "app.pincode", "pk": 16}, {"fields": {"city": 9, "name": "504273"}, "model": "app.pincode", "pk": 17}, {"fields": {"city": 9, "name": "504274"}, "model": "app.pincode", "pk": 18}, {"fields": {"city": 9, "name": "504275"}, "model": "app.pincode", "pk": 19}, {"fields": {"city": 9, "name": "504276"}, "model": "app.pincode", "pk": 20}, {"fields": {"city": 9, "name": "504277"}, "model": "app.pincode", "pk": 21}, {"fields": {"city": 4, "name": "562106"}, "model": "app.pincode", "pk": 22}, {"fields": {"city": 4, "name": "562107"}, "model": "app.pincode", "pk": 23}, {"fields": {"city": 4, "name": "562109"}, "model": "app.pincode", "pk": 24}, {"fields": {"city": 4, "name": "562111"}, "model": "app.pincode", "pk": 25}, {"fields": {"city": 4, "name": "562112"}, "model": "app.pincode", "pk": 26}, {"fields": {"city": 5, "name": "562149"}, "model": "app.pincode", "pk": 27}, {"fields": {"city": 5, "name": "5620096"}, "model": "app.pincode", "pk": 28}, {"fields": {"city": 5, "name": "5620064"}, "model": "app.pincode", "pk": 29}, {"fields": {"city": 5, "name": "5620079"}, "model": "app.pincode", "pk": 30}, {"fields": {"city": 6, "name": "444001"}, "model": "app.pincode", "pk": 31}, {"fields": {"city": 6, "name": "444002"}, "model": "app.pincode", "pk": 32}, {"fields": {"city": 6, "name": "444003"}, "model": "app.pincode", "pk": 33}, {"fields": {"city": 6, "name": "444004"}, "model": "app.pincode", "pk": 34}, {"fields": {"city": 6, "name": "444007"}, "model": "app.pincode", "pk": 35}, {"fields": {"city": 6, "name": "444009"}, "model": "app.pincode", "pk": 36}, {"fields": {"city": 7, "name": "444602"}, "model": "app.pincode", "pk": 37}, {"fields": {"city": 7, "name": "444603"}, "model": "app.pincode", "pk": 38}, {"fields": {"city": 7, "name": "444604"}, "model": "app.pincode", "pk": 39}, {"fields": {"city": 7, "name": "444609"}, "model": "app.pincode", "pk": 40}, {"fields": {"city": 7, "name": "444614"}, "model": "app.pincode", "pk": 41}, {"fields": {"codename": "add_logentry", "name": "Can add log entry", "content_type": 1}, "model": "auth.permission", "pk": 1}, {"fields": {"codename": "change_logentry", "name": "Can change log entry", "content_type": 1}, "model": "auth.permission", "pk": 2}, {"fields": {"codename": "delete_logentry", "name": "Can delete log entry", "content_type": 1}, "model": "auth.permission", "pk": 3}, {"fields": {"codename": "add_permission", "name": "Can add permission", "content_type": 2}, "model": "auth.permission", "pk": 4}, {"fields": {"codename": "change_permission", "name": "Can change permission", "content_type": 2}, "model": "auth.permission", "pk": 5}, {"fields": {"codename": "delete_permission", "name": "Can delete permission", "content_type": 2}, "model": "auth.permission", "pk": 6}, {"fields": {"codename": "add_group", "name": "Can add group", "content_type": 3}, "model": "auth.permission", "pk": 7}, {"fields": {"codename": "change_group", "name": "Can change group", "content_type": 3}, "model": "auth.permission", "pk": 8}, {"fields": {"codename": "delete_group", "name": "Can delete group", "content_type": 3}, "model": "auth.permission", "pk": 9}, {"fields": {"codename": "add_user", "name": "Can add user", "content_type": 4}, "model": "auth.permission", "pk": 10}, {"fields": {"codename": "change_user", "name": "Can change user", "content_type": 4}, "model": "auth.permission", "pk": 11}, {"fields": {"codename": "delete_user", "name": "Can delete user", "content_type": 4}, "model": "auth.permission", "pk": 12}, {"fields": {"codename": "add_contenttype", "name": "Can add content type", "content_type": 5}, "model": "auth.permission", "pk": 13}, {"fields": {"codename": "change_contenttype", "name": "Can change content type", "content_type": 5}, "model": "auth.permission", "pk": 14}, {"fields": {"codename": "delete_contenttype", "name": "Can delete content type", "content_type": 5}, "model": "auth.permission", "pk": 15}, {"fields": {"codename": "add_session", "name": "Can add session", "content_type": 6}, "model": "auth.permission", "pk": 16}, {"fields": {"codename": "change_session", "name": "Can change session", "content_type": 6}, "model": "auth.permission", "pk": 17}, {"fields": {"codename": "delete_session", "name": "Can delete session", "content_type": 6}, "model": "auth.permission", "pk": 18}, {"fields": {"codename": "add_state", "name": "Can add state", "content_type": 7}, "model": "auth.permission", "pk": 19}, {"fields": {"codename": "change_state", "name": "Can change state", "content_type": 7}, "model": "auth.permission", "pk": 20}, {"fields": {"codename": "delete_state", "name": "Can delete state", "content_type": 7}, "model": "auth.permission", "pk": 21}, {"fields": {"codename": "add_city", "name": "Can add city", "content_type": 8}, "model": "auth.permission", "pk": 22}, {"fields": {"codename": "change_city", "name": "Can change city", "content_type": 8}, "model": "auth.permission", "pk": 23}, {"fields": {"codename": "delete_city", "name": "Can delete city", "content_type": 8}, "model": "auth.permission", "pk": 24}, {"fields": {"codename": "add_pincode", "name": "Can add pincode", "content_type": 9}, "model": "auth.permission", "pk": 25}, {"fields": {"codename": "change_pincode", "name": "Can change pincode", "content_type": 9}, "model": "auth.permission", "pk": 26}, {"fields": {"codename": "delete_pincode", "name": "Can delete pincode", "content_type": 9}, "model": "auth.permission", "pk": 27}, {"fields": {"codename": "add_profile", "name": "Can add profile", "content_type": 10}, "model": "auth.permission", "pk": 28}, {"fields": {"codename": "change_profile", "name": "Can change profile", "content_type": 10}, "model": "auth.permission", "pk": 29}, {"fields": {"codename": "delete_profile", "name": "Can delete profile", "content_type": 10}, "model": "auth.permission", "pk": 30}]